{"cameraMode":{"drawMode":0,"name":"Shaded","section":"Shading Mode"},"sceneLighting":false,"audioPlay":false,"sceneViewState":{"m_AlwaysRefresh":false,"showFog":true,"showSkybox":false,"showFlares":true,"showImageEffects":true,"showParticleSystems":true,"showVisualEffectGraphs":true,"m_FxEnabled":true},"in2DMode":false,"pivot":{"x":-0.0065574124455451969,"y":0.5858023166656494,"z":-0.04371711611747742},"rotation":{"x":0.07765557616949082,"y":-0.9143509268760681,"z":0.21071606874465943,"w":0.33696332573890688},"size":0.8967694044113159,"orthographic":false}