{"cameraMode":{"drawMode":0,"name":"Shaded","section":"Shading Mode"},"sceneLighting":true,"audioPlay":false,"sceneViewState":{"m_AlwaysRefresh":false,"showFog":true,"showSkybox":true,"showFlares":true,"showImageEffects":true,"showParticleSystems":true,"showVisualEffectGraphs":true,"m_FxEnabled":true},"in2DMode":false,"pivot":{"x":1.5004440546035767,"y":3.799793004989624,"z":10.246302604675293},"rotation":{"x":0.002371828071773052,"y":-0.9668607115745544,"z":0.25513625144958498,"w":0.00898832269012928},"size":0.7105752229690552,"orthographic":false}